G1;RANDX1;RANDX2
4,2926784788447;0,756013166977099;1,13924159320967
2,53730865437051;0,691772919470339;1,16452039827803
2,20069301017293;0,962724654452281;1,19089942429722
0,0387873625263389;0,694250167205115;1,17617843024255
3,7279084316295;0,724781137762955;1,18761585307662
9,54889583694761;0,954016976037071;1,07148075824207
5,50758093854242;0,551263284194871;1,18649808135186
9,66215691373858;0,994674135462695;1,16082084624135
4,66407376071126;0,747567497076265;1,16715725165194
5,33507756805506;0,519474196489656;1,15767786212157
6,48442372043101;0,687446130759756;1,06873676062968
-2,58190971293262;0,9969125310876;1,08121830992457
3,3642676283439;0,705655458711859;1,12503979123432
4,74901506803031;0,709294606796137;1,09022712287969
9,2474274476048;0,698982447711277;1,12662808016251
7,34279001112318;0,759811434782954;1,05140936954478
7,31770276766101;0,860149300126428;1,18215832746688
5,86157116473792;0,821321043568347;1,08192532601856
1,21036727424143;0,87982245808459;1,17626189374191
0,282190718294147;0,595050800403138;1,08779898657827
6,51318491876662;0,760533761121581;1,07978102633719
3,59405205303637;0,539810115722851;1,14561303590686
2,21886952301649;0,558494746479436;1,1160958118346
2,39372833149687;0,840534276720385;1,0742384325593
2,98780109804002;0,589439929737449;1,11517841509319
5,70995734392673;0,966808124895584;1,07730348453731
2,54521822776266;0,982478312674201;1,15297965684579
5,82601852260862;0,757709029483473;1,05740631532735
4,74789415812909;0,66714467511845;1,15822773010387
6,28318155513634;0,659935889607266;1,09717960702124
0,815216475155831;0,760621572733215;1,10985662299667
0,0880264576533563;0,903460094194608;1,14474826657434
10,4321228229415;0,853036760749778;1,05670432348582
8,15007385636826;0,987033735954684;1,12628544495734
11,3764704339372;0,919092971793885;1,18482467792222
10,3331335536797;0,559460316113876;1,08433742284977
2,90462893504219;0,575878812733981;1,19768980219853
1,57299442038334;0,851260728133498;1,10321108740904
5,27362745205194;0,94568521946002;1,06002815904097
7,86073956556042;0,634590819307878;1,12949016598495
2,9426610671612;0,854512918672763;1,11516222707702
3,13552307779021;0,86194979672411;1,08668410498029
6,94577791080706;0,584386139914573;1,11113718152565
4,25622872818496;0,612572487728937;1,12503194507446
1,47459425668833;0,533930117047359;1,12850255241082
4,79452597042069;0,777516325366458;1,15877574079613
1,04535911427029;0,980790621126439;1,14705846437582
6,73346561526693;0,674080274847374;1,19534480320073
6,2407353028772;0,533944105978098;1,15905627122105
5,19632380843265;0,987497515970607;1,18811186267441
5,54823482768296;0,896480660371706;1,14336560039938
2,83405029338992;0,679570102449306;1,19679527897239
4,13403504610379;0,8316784523575;1,16448695029341
9,58837834768154;0,997643624896949;1,11031788541485
7,04247411262515;0,714250670147245;1,15669094680654
7,32499895520922;0,679494508392874;1,09504876308844
6,9976957357472;0,554363330152986;1,16976286008477
9,01930621017275;0,991086964025668;1,08519095251578
5,2441332777022;0,757231698724083;1,13152560663015
8,58530293056937;0,78705084733062;1,18243170160913
9,95803220645748;0,984209004316576;1,19114472185781
0,504091332077247;0,784469287276487;1,19910185998264
3,99116949397979;0,974595152761133;1,08587916590547
6,90323329163339;0,906986118716647;1,12219715468688
6,12754820581608;0,781943990747418;1,13804843092246
5,89372450957758;0,596873336283897;1,10466071614281
-1,85902436421468;0,616855754338603;1,18887036856677
4,3357980528177;0,603438637034706;1,06097050149039
6,47383694831561;0,926127563661955;1,07360564776399
10,2603786817726;0,806797765571064;1,13644476655705
5,44289092078222;0,860112153859861;1,16621762773312
3,85664204737174;0,559903432875827;1,08137366849993
1,95239093258496;0,780894035371437;1,05283443860376
1,13048007542596;0,820994514888616;1,06177177464672
7,44270007317711;0,609818071876568;1,13072013646863
6,7034651062792;0,996410551944939;1,1020739288079
7,20173806611701;0,897626111701888;1,19034414463227
7,07281330288323;0,887441308650859;1,08713608304371
8,45802442853453;0,825594944798199;1,08873654109833
8,70395100956908;0,744550785862166;1,057921496666
5,24807863656588;0,847640979498458;1,17754239057076
2,95001027099178;0,798850144165964;1,13466676605617
8,02751567733015;0,78812310648529;1,17102322614334
2,43714048765937;0,587029237107853;1,14610062192478
3,50585920457867;0,808707269750865;1,07940725818249
6,97418022163478;0,79919791538231;1,1114275378694
5,85572488302122;0,718678335528205;1,19423758545622
3,32318151454037;0,953342243541657;1,19886586819723
7,42494329344979;0,69362075519451;1,1311357547674
-0,0529496745771958;0,686349129158235;1,15846341012905
-0,158912171015316;0,666068731186012;1,07011684494564
6,82968943263438;0,972670845209002;1,14754325549469
3,2307225322356;0,56607133735254;1,12672283455111
6,60928769377831;0,995399570090417;1,08689827052266
-0,537025737452307;0,577280358680189;1,12861471554666
2,26899725135677;0,810967927710604;1,13307906735366
-2,30895516791464;0,714266875625712;1,07537228706077
3,44230990612596;0,875131196749923;1,13709538059174
9,24770568370992;0,928546955310063;1,07520982924626
3,75993248935822;0,740493128421015;1,08208857149914
3,78138845813632;0,649373230361088;1,17620335592712
1,98283584864478;0,503147382989129;1,14804241645524
2,36318275067169;0,843560987544973;1,09946301626017
9,64844297541615;0,934099065109202;1,1638842823747
8,47441649339588;0,95045297916534;1,17286699338484
6,88385238615212;0,741951228464931;1,05897942276624
0,139886575118533;0,640056038107749;1,14849153442704
2,49166667018032;0,747390312956362;1,15190111801582
8,80728938020035;0,686001899505966;1,17665340731696
3,57475430414113;0,900680107949618;1,05839274961427
4,31780637068965;0,977004383214286;1,10788680310728
0,518266302952104;0,576080678764768;1,11954468349905
7,15814025627098;0,523953687177949;1,08938557398011
6,16569602163721;0,885357784053943;1,0776679199085
2,85691195576817;0,602025194839586;1,07756645603923
6,10624515012709;0,819586118133546;1,1874352542625
0,817106727048823;0,548392978752215;1,18268899949393
6,51867967228859;0,552157686814739;1,1770055792653
3,94632588404151;0,822507743641039;1,16473043317196
8,59690798217698;0,824120108887609;1,15340276879883
0,632154349904617;0,580365944924003;1,18458753292662
8,64149513590001;0,813586767676094;1,12347116904495
6,89774598836286;0,828311657918762;1,10710889776568
4,22945074913686;0,663749595016125;1,0985564219293
7,76412101184421;0,786264521901619;1,08521406631228
8,70650152387557;0,764015446307145;1,14318509960695
1,40940283195865;0,7354119893794;1,17991833276112
4,82915142103739;0,695023697193257;1,09155085612626
0,537194296471847;0,98997879866044;1,05681317414009
7,37824804942849;0,86641578137242;1,14607977333762
3,83267262520867;0,627231592604533;1,12091794448016
3,62333477539451;0,753572935123729;1,07095749535177
7,76117857284909;0,883193120771643;1,07320123513844
3,15166092091115;0,615965365719034;1,10479804105349
4,2574731647227;0,812471387354877;1,05397209802362
-0,00106946701216115;0,58149057653802;1,16157150969914
1,73839728454328;0,891075712577941;1,14624617111229
10,3520869471265;0,773713536920824;1,1934097954507
6,84328146290708;0,904525674835092;1,19148505762754
3,39016224139399;0,619684757487702;1,09082604292353
7,50705692389335;0,955852414926445;1,11358127720355
3,2480528866855;0,591358195334374;1,17763847744914
0,890220275165281;0,681006236784629;1,08844703016265
5,44344823154059;0,78437753244507;1,13961563796718
5,21726933573625;0,520451961327555;1,05340975287995
8,90554077527841;0,833413298629882;1,09784647473034
6,72206488056521;0,972279445255305;1,08722834661008
5,7354936392037;0,55340860483861;1,06344057385039
1,13244348183031;0,709823752152651;1,1646110290031
3,0430734665019;0,598893341421566;1,07329058436364
12,6695855956635;0,99612677749066;1,11898622732562
0,00232425713270112;0,57471424740493;1,05540572523857
9,53273599340551;0,946225355819904;1,11114593665635
-1,5057649929368;0,714049027633876;1,14722485120745
3,87345454246353;0,904394735071992;1,07273194308986
6,14146522232796;0,954468142220037;1,07661462643957
5,40370751809499;0,840191942099571;1,08235893770231
4,87152949314636;0,698342542489219;1,172205672633
-2,46409708753601;0,70948698451253;1,18936313925747
5,59019770248754;0,516702437082633;1,12369202194907
6,58165802822808;0,849963516858389;1,08331669889545
2,4731920040351;0,510707080602044;1,08421044586422
1,39157183561151;0,601852662675945;1,18980035725506
3,12471643831242;0,897877416991572;1,11193601880778
7,50494678202669;0,943594367682745;1,08088197208982
7,13811478782656;0,760952810179886;1,15077781353648
5,83991330284308;0,983492660794171;1,19667595792407
3,39688116367254;0,607183249018706;1,13710291894949
0,846338931508225;0,61583607020594;1,10423296014975
3,75807631008991;0,80542901708066;1,14139808436921
6,22549449577143;0,997699308673711;1,06611861380102
4,06150885282304;0,914922702086588;1,19329792754413
4,53843000941383;0,893442933398039;1,19814849183808
6,8733530635187;0,763029415515731;1,09229702665112
1,4818977461113;0,637525964359532;1,18216313821364
8,60147382338237;0,996210997922444;1,19476769426594
5,15174239652959;0,581816843050447;1,08967128581818
3,74967250000467;0,983126491300355;1,12306569401318
5,05192658154695;0,524572786653681;1,14705597308793
9,25934013162249;0,819405962163306;1,07522560468653
3,95488702299208;0,880455156266901;1,09608173789274
3,04469432141293;0,791080770916809;1,12435150054486
5,59627356749732;0,883462730740878;1,12206982193611
6,14461542630114;0,937389732309333;1,10246992809813
6,48194157909787;0,801652216260159;1,07223237234737
4,50945082769422;0,827992368875068;1,15206103960614
4,60442518551807;0,711273420001973;1,19636049894447
9,099023436734;0,995165051890148;1,13643219742758
1,26936049994263;0,698542761010371;1,13222752326738
10,1821587318908;0,951068413421078;1,16108583452231
2,99821259706138;0,513007771928333;1,10779702384388
3,67538056902604;0,683321993184892;1,09489883412369
9,22022173367297;0,686929960589358;1,14853857273634
7,37056428318016;0,937534477998286;1,05658336237845
5,03319582153429;0,575577164336842;1,06611159349145
3,55376258389383;0,873612353053695;1,12432792155274
2,11895807627782;0,651611152408463;1,16916302641349
10,3290041886459;0,947383369760301;1,0869626568104
9,47303030041742;0,95475846806297;1,17509993751305
9,68025969001011;0,503639705248009;1,13752367977869
3,62165140638334;0,504174208968959;1,11061758082854
0,387698433470237;0,590914902086796;1,1624242503021
4,26486617047748;0,504897738110692;1,15581007979615
6,8085185651793;0,77425175009959;1,14265855287325
8,28598581734538;0,660725680021907;1,18487424034852
8,08309788348922;0,926252544357559;1,1373836232989
7,56736947741513;0,819975605150673;1,08457503280815
1,10547730188638;0,883274082040076;1,0540582027538
8,98371492268317;0,922510503289527;1,19537125578866
4,37948181793179;0,587038308655395;1,19272849294018
6,2328044381501;0,663267528015779;1,16470700505409
3,79103001547351;0,758253765179894;1,11566180177762
8,62007151854003;0,930638761692978;1,1440243346356
-1,48436387197011;0,517296459766709;1,13828589908699
2,92644242626195;0,504103732530076;1,11619461095715
3,13217213419573;0,607349498014594;1,12574334048002
9,03655163045286;0,801325414237252;1,15754691886601
6,08411875329032;0,824919803452175;1,13746177034334
3,49378359092679;0,725358608050905;1,08158501306623
3,90265841601086;0,877092688752847;1,06921652283949
5,57351143314349;0,984551258377988;1,18540952009401
3,66529109880553;0,693817921771583;1,05538236836688
3,4397268525118;0,84090668095318;1,06595039901601
3,25700473411248;0,882384999600418;1,07280550942421
6,55960471844868;0,746643972930798;1,06464751109697
-1,06057497048128;0,60981903486411;1,11562851654162
2,30771991529137;0,730086918328929;1,13170992398249
5,86097950320576;0,881451956872573;1,16621032919093
1,53971651757966;0,978540775821796;1,07071104201987
7,73208602004948;0,673637294058519;1,05957254718969
3,33896429481167;0,691711216090113;1,07050587840867
6,18115600014634;0,630771574858004;1,16440353661981
1,52671931003498;0,523739309294028;1,07734358705457
5,89953924775607;0,692455000100869;1,1009664703165
2,23417094871392;0,540906323837538;1,19226621677739
0,846878325708165;0,531978866798793;1,17142516331348
5,30924459483292;0,838347724563604;1,05246879041776
4,6575627259152;0,50649297028151;1,12242125394867
5,89728290115525;0,882522025556547;1,07394393532255
10,1425456084636;0,681484291181659;1,18686768137238
3,47409746131649;0,532745201388721;1,15358800629787
3,4961124724211;0,736599267803412;1,05701550024423
10,1122278537842;0,605987523498939;1,1587867143372
3,07467612434912;0,516386194395081;1,0752414888587
-0,245877357241171;0,556992956696541;1,07236415868269
2,45436418112845;0,881724586655258;1,1923947146127
5,41299153706253;0,685992766956795;1,18818098101215
8,37960556087973;0,744035403125005;1,16028476066901
1,8603202412245;0,59341197954184;1,19676710669732
3,54109833609181;0,846379027630379;1,08363819703629
3,41524675673022;0,84016496447854;1,06296724731241
4,88735044608493;0,725415161217291;1,11786659225722
4,70819691491381;0,749121955013425;1,14420944221514
3,32817798814229;0,539416353003781;1,17903044870078
5,73386615288625;0,804729137944397;1,05317081718388
1,0474322848743;0,732143929569118;1,15907435308167
8,20568533387622;0,96507380621744;1,08260632235678
3,88876435885914;0,732561413074174;1,15687899364013
9,22093669994368;0,759236086979153;1,1149567281897
6,60674499924395;0,59638918544929;1,10545765212991
4,76848778301103;0,796870920712534;1,07559705198537
5,26124569894178;0,938566887256953;1,17695197908997
0,538629389491144;0,991968696933225;1,07372449430345
8,02843241136069;0,813520117110349;1,08711734460067
1,21220161255769;0,622226915611991;1,18125431196823
12,3061481000291;0,956069129964369;1,15384677706931
-0,0756074291670146;0,603285996058623;1,12456384395462
-1,27640743267642;0,603428567109363;1,06985729046625
7,85299124459346;0,916650780437817;1,19851490347577
3,81611295600453;0,869027370991664;1,09754041256269
6,93378208043621;0,695432775977735;1,14008523805071
2,9566878148444;0,839307363070225;1,16676228496561
-2,03992746334372;0,547922408929059;1,10565434326681
3,4578296715396;0,718062046318344;1,06159677797071
5,24153022063578;0,553732133728327;1,07874550995359
7,06441614873222;0,695165113869666;1,13370241622147
4,785741093394;0,793577042312164;1,12800709974394
6,55790281366185;0,754769124442138;1,12474408677069
0,69386432176919;0,662025177228276;1,10699138185335
4,82406502549235;0,562053172179523;1,13370391611648
5,68315759434964;0,964624010009982;1,1511954153195
5,35359463807287;0,993103189390666;1,14250687791151
3,12039199114238;0,860932120057257;1,06940630263156
7,02019720810148;0,866858949822774;1,11133019975914
5,01836976906768;0,746303602469295;1,10509066237374
5,73059431748801;0,530875978772936;1,12743295893419
2,35515335838323;0,693861663198965;1,11426139227779
7,42823909585991;0,87815108237702;1,07837457837461
1,22199166621174;0,806682550723982;1,15445892794731
4,28152037504347;0,974212754040124;1,1190899000592
4,30909878524637;0,819481850052011;1,14927603702493
2,81656486482982;0,898409939323743;1,0848266614996
7,3422615535939;0,908120882188958;1,07065462412809
5,13582346258742;0,63773339318006;1,07729076476641
2,90781878700699;0,592838307653013;1,11788873654692
1,06246161172809;0,634389316492895;1,05089569112793
3,72140073059764;0,765097091330726;1,09461658866825
0,462438879336857;0,739715496888252;1,06021921777177
2,32255914532772;0,587567275197975;1,10165233165103
0,495914450608108;0,602899278794834;1,14438301257062
-2,83702489731919;0,878113609216229;1,12949641352962
5,89994779424609;0,908233994109665;1,05321020025444
2,81776684293994;0,846204173679559;1,10686370591021
8,57265096137548;0,686990288871802;1,19354791687501
4,50420093145742;0,800181578286077;1,12735282677568
2,08912061920807;0,85120309649557;1,11459371238695
4,78448718259434;0,770719217029735;1,08167368452143
-0,36194857591684;0,593726969134867;1,12150562462467
4,8383334974887;0,587720670545344;1,11424135813221
7,85168399739304;0,854526413536876;1,13503385104008
5,35623390550828;0,828517176596689;1,08018821337269
-0,367278554950149;0,825287097052339;1,18720194538459
3,17372948717111;0,76577888744221;1,16900229247706
2,94262528007595;0,794402358026431;1,1477943512368
3,19669933939425;0,557214251513227;1,14562550538481
3,32021118288823;0,898448556614317;1,08617881638286
-0,198190797400418;0,673684115835318;1,08796771987712
2,80240696932309;0,726647438819822;1,16661848061095
1,61782592538923;0,538018014066861;1,16297122489799
3,50615826145617;0,749332091188679;1,17302198688175
4,52234787173939;0,587756156263759;1,05928791987677
2,58239478916767;0,748372865257958;1,0671601437345
10,2286846829898;0,837671815807778;1,14276807338128
4,22272578742922;0,76122186647785;1,12032747362756
10,0485749952293;0,971664401689388;1,11093033338475
5,25664657724224;0,67738679269207;1,15835053429862
2,41861545018871;0,542501127599972;1,10321632749551
2,29081460527553;0,61589879850666;1,1740261931317
-2,14053262288263;0,770588394147618;1,11714122049377
4,67802081164261;0,685180712810336;1,15246530694536
5,00943140389803;0,8719192537814;1,12299734727619
2,93854530830615;0,668813328570134;1,06032930219561
3,82832882241278;0,750166000682007;1,13268621779638
-1,93097863060987;0,923522655816526;1,08126570888854
8,70851686725666;0,995516886466889;1,18475139238162
5,27776574763689;0,538423801557358;1,14333026951334
2,57199373624059;0,951588373608696;1,12448524102777
2,87550966100781;0,682911055480554;1,16786216668219
3,06758302381794;0,762245359254184;1,15596672243251
3,44990613148592;0,682285838612488;1,05910890384536
4,75145214818294;0,990633472330232;1,12235080824343
1,89384457578503;0,778610849184269;1,06479271825626
-0,283720192084496;0,603546355666381;1,09945532330286
3,90355926248292;0,949960993579571;1,07596922781131
5,71940068541603;0,826917598409074;1,08750229374855
2,05106882400027;0,502428988228752;1,13641538565811
7,71497847415983;0,708546813907356;1,13584406116784
6,16940833457657;0,970036046565527;1,08913131942466
3,80061366132979;0,967698833890119;1,07092434352773
3,11779950433047;0,871630156818605;1,14186436708172
0,534234781473558;0,682545640823685;1,06857385764298
2,74537109544734;0,975091178889894;1,05486683452263
7,39049940476318;0,869592721047622;1,05867156966528
1,20544900411383;0,990279335524086;1,10091785877054
2,75157345459187;0,551382584288429;1,1376398180321
5,24263636841231;0,689663826343447;1,08173126074566
5,05947527849691;0,720414119642421;1,10477099381609
5,89781587054701;0,754010206905198;1,06517774214278
-2,0927299360784;0,639598929621092;1,12773166155803
8,75716684352275;0,985902273089579;1,13378792723352
5,85435145119895;0,682364564706741;1,19386837472854
3,7924647406057;0,940592640051894;1,06540056502698
-0,746062330770004;0,568169989887704;1,08538716006344
2,44288625484293;0,948770716762529;1,07288698711101
2,25576606205702;0,592685066905192;1,06208872956321
3,85657489903223;0,942020159187736;1,1568348612901
4,05437577417369;0,640740482434975;1,05025909582631
4,22019202978553;0,874183707346294;1,18944810986959
6,25205308024213;0,897625682827842;1,18821346065412
7,08898357391398;0,855878160733673;1,17164066157846
1,17046972799765;0,674704576691009;1,18919308278206
6,72027703264403;0,787154180364289;1,14754537634903
11,1110209053087;0,692006503088403;1,18968909237985
5,58885750502548;0,563425736298517;1,13093990810725
-0,170139996899874;0,672486865740496;1,13105404168882
4,6376861105826;0,722644540817777;1,19634173186326
3,16754597117517;0,875506540702426;1,12918640790935
5,55934765324594;0,699920779885687;1,13321270120014
8,12256706409047;0,950952589489032;1,05417422296208
4,35570628978306;0,695907444551544;1,12814445492259
5,5910908763856;0,603611066287202;1,16913690910169
9,43943763910366;0,927572561859885;1,17268276194701
-0,490628989898927;0,677198876942135;1,07926452764276
7,15447342126865;0,792038143515605;1,13182250854178
3,30240371652642;0,682159239278249;1,0508350559747
1,51546358860107;0,507731316847602;1,1150469025667
4,87305249637624;0,78372076888742;1,05220761078047
2,51620062038365;0,548664854163614;1,18220758232391
4,50809909269641;0,698033321508222;1,12286364404618
-1,03526028777703;0,895210384342452;1,06373454209591
2,42214981044735;0,91511575594317;1,07201364169457
5,12954414779971;0,979056457979165;1,10448227310762
4,17184665582025;0,876163486799301;1,15263053474605
6,10839519867667;0,936902353510681;1,15072208226226
6,82480810076951;0,880663778111648;1,05967384877599
10,9689943482165;0,662960601813607;1,08671456085831
2,28311251731774;0,918095941617198;1,10055117262553
11,5763891866303;0,998677166643868;1,11655704095799
7,00009589891954;0,687921272445433;1,07295543303385
6,14544234630923;0,942818723126696;1,17882141428013
5,0059481101561;0,549485761462471;1,06409872624283
3,84720966983791;0,542732586405581;1,08784349029318
-1,58960276796597;0,760833718236924;1,13953574934953
4,99117007013717;0,762052011099668;1,18431391151823
1,45725635438402;0,881266497020268;1,15703987169873
4,29672519739395;0,89697480662585;1,07144699873004
1,23375753378852;0,730394703210515;1,1045840205646
-3,07378069333103;0,579806979084298;1,0617679299143
8,13033337824526;0,520316254589854;1,18792523214963
8,13782668546357;0,720864321906522;1,11646936345681
3,18773767371091;0,514527324361041;1,19463552143175
8,85359931189404;0,750036611105332;1,19557512253317
7,62157920145196;0,678521710298267;1,11288196966652
3,29396147428172;0,644650794865867;1,08609373191655
-1,744948963105;0,564912593720906;1,161015423276
7,39860444293347;0,817791005977332;1,08649982045707
1,06142561847838;0,617907423813784;1,07301326886425
1,3129422018717;0,533695836800009;1,11367623811293
5,68022034035558;0,759055904466219;1,13826415014372
2,66156265497635;0,99939728109138;1,1571626100024
6,21079436812204;0,932565898603092;1,08196511421444
3,88444333080675;0,893484722307643;1,18535326681349
7,83141641211827;0,961782789305683;1,1435685972886
6,84229016767258;0,967056950538911;1,1840543742683
3,17455150923916;0,515522042995096;1,05600075235404
8,2280422762029;0,963381231279756;1,11251677829424
4,91109726664116;0,91102473852738;1,06482201417201
6,13488445585531;0,986969779705149;1,09191156201619
-1,55744769934712;0,527625231318001;1,08397820917143
-0,535093122974629;0,599842955171989;1,13794903738329
3,56708947591606;0,724462435452483;1,14905670008113
1,8285453894061;0,663494259893659;1,12538360246708
7,01523886725417;0,762015973106965;1,12832297129944
2,84091732445618;0,621077712448816;1,15420977587542
7,56658272923912;0,893600843331591;1,12430565269864
0,93102795511177;0,638508308976194;1,19201451195032
6,29558323759119;0,537958189164269;1,18333771060376
3,83659494951457;0,677593844326955;1,05361512999684
5,08097910991209;0,539206887846443;1,16383487431511
1,70452749829134;0,854409774697577;1,15690185132292
0,607107860448579;0,521370349694682;1,19798690504301
3,89027674891236;0,622671098272629;1,07478549912329
4,29025973998685;0,77208612476107;1,17295698405847
3,69117319677641;0,51168534695715;1,05146604611141
5,18740260386664;0,832405605741034;1,14153751663004
1,58724919369502;0,656854214452605;1,12976843329601
2,93170890071666;0,575843200821356;1,14903293854978
6,2681621385116;0,593112610556703;1,1895016308825
5,27999059772167;0,864100052446173;1,16154872815197
7,51566368494712;0,621921199663506;1,19393341596887
8,89064183689178;0,985356012352442;1,15406986770875
7,0319040864861;0,733259220483368;1,11921210168824
3,18892015612847;0,764491012675916;1,13644273278138
7,50321097448184;0,823878778062704;1,12958605006784
6,64994441754729;0,638813469390764;1,14733150650157
3,88214666232463;0,574730167433028;1,18345535317597
7,08389523503772;0,550452404446179;1,1395561041029
3,20233289392975;0,569004851192704;1,11471512658275
10,3742548742389;0,907606198409389;1,1025894812786
1,7029369197029;0,581586548398056;1,12032779726215
6,99528358317211;0,544865177266703;1,1231536765225
4,45046232586702;0,599119480512626;1,13832932945263
8,25170138920985;0,602797308286092;1,12408319885101
7,88328478242254;0,772313109493029;1,11365826288874
3,5735027656419;0,546338332140044;1,17531567210113
3,53174686484166;0,813493791880782;1,17965599758534
2,05487549254365;0,898753388272018;1,10719794710502
4,5822760985985;0,751290760818539;1,10917265271264
5,90832302404189;0,756879337018765;1,13309722115896
9,90040167248347;0,96123294251097;1,15464373261418
9,90367156773415;0,717282004988418;1,17483523538096
4,71510679574514;0,660985611221281;1,06321417352334
4,22272113665118;0,749248016043216;1,07567740672998
5,55240961464893;0,882036350612546;1,07222157552476
6,6815121151949;0,604908900617114;1,07029244861113
-2,48707890933521;0,596616539916311;1,10658891545915
5,42844960778392;0,53521851149165;1,14433857730792
-0,315704073786087;0,663074415485875;1,13640281373467
-4,45416193782786;0,640548414383339;1,15013847711968
3,87628338028116;0,866500359897735;1,06944550223157
4,01907158732681;0,841835956481209;1,1275120175106
5,04276255007706;0,761236375552247;1,08066718931341
0,33089238582838;0,795822737643413;1,16613822945679
0,665254191821347;0,670251462920686;1,0773642044409
2,80394577250972;0,78645564419518;1,08036450412141
3,37659740120224;0,511069268691851;1,17539276116313
9,03046117615391;0,824707211379291;1,12741940213713
-3,25356801539545;0,83587839819299;1,07093050981449
3,0294867614749;0,515521719360501;1,09668527380409
2,06247520205623;0,740689574620076;1,11307569640366
1,22115538686266;0,646788559223892;1,05964103967866
2,78787191311367;0,646982115529004;1,13021018939568
6,13987339650225;0,853549292242876;1,18684579342922
2,70682662832247;0,530980287832664;1,09214130090184
2,00257824624282;0,784523909345513;1,12346591196184
3,68262493268487;0,585932042722559;1,17136899361916
3,72547550782171;0,505824924682186;1,12339182245703
3,46032724001969;0,579409393286057;1,10990197654343
0,807093279926573;0,696114758819395;1,1737551230815
2,83818908319213;0,838249889127095;1,07784151843648
0,250895347212523;0,671041683606357;1,09382189111496
9,34437764365607;0,990734148300595;1,05390538319662
3,14430110601027;0,962792371848036;1,12717670343219
4,89521194648072;0,802413902619115;1,0718142611309
8,6391364014865;0,794528936871574;1,09337868285057
-0,257802358772782;0,539453731635331;1,07826048041613
1,85752437353831;0,53716131091917;1,12336722063989
6,4631767028122;0,859393392624051;1,05444277797567
6,78224690487566;0,529555721920708;1,06666404961919
6,47977265724951;0,708376288743865;1,06406073293838
6,82299975862428;0,836819469852755;1,10220733704148
7,35272314085344;0,789518604422695;1,08588591659716
5,84033299005379;0,975746875617535;1,0701855600207
6,52447404568249;0,874069504846851;1,1759066859148
7,72130709258335;0,656247967228409;1,10509676533057
3,986346916139;0,89075692039484;1,11086009932256
4,37181502202319;0,656416035562947;1,11583930673815
6,78223481126117;0,746811638002662;1,1062321329984
4,26926196550109;0,591207530624795;1,15941751937355
14,4283720665295;0,791403105850985;1,16481451413818
2,05082802082397;0,563123537024075;1,12330249139262
0,152793155792699;0,576877191000095;1,1934120064105
-1,78090288130632;0,766389019212867;1,08930273283706
3,92908259935429;0,678827616236558;1,15391027673795
6,78162124054806;0,859101873756899;1,15580395029662
4,61877519035321;0,704600493751746;1,08088390435133
1,05838384208089;0,791744732200981;1,12140685390747
0,673099776347288;0,811648290982306;1,18881420236491
2,60253665414183;0,622619533735616;1,05430055221277
3,62264701521228;0,762268770375414;1,1384872638334
3,71405356215251;0,797169558609449;1,07303276354123
1,4549505016692;0,603142849450532;1,05335165860753
8,95696885911099;0,749430003924961;1,07922407378406
6,89821266352993;0,807334905866224;1,14986345267383
2,42641554639499;0,749954121070893;1,1076056088822
3,84329104272236;0,7525356862473;1,09276626421733
3,88012396380891;0,66538422678848;1,16263903633814
4,19871978172728;0,761868739855415;1,09579653246132
2,02514298083474;0,751254386152725;1,10274679144041
1,30277357008447;0,718704416285597;1,10128654865608
1,21084664302499;0,579295235955759;1,15243238958178
4,40514462341751;0,966432184896633;1,17645706659018
-0,745906969548786;0,56915942093784;1,11409050762378
4,38005803169112;0,578716144700868;1,06297667578933
2,97772114771851;0,535595398179998;1,19419244681215
3,01160082152825;0,658343155243594;1,18581768362122
8,31500302016964;0,859246476953498;1,13281879296192
7,9314656791021;0,568833224740267;1,0582539522826
5,97384757515228;0,884049628341594;1,15648713314742
5,86642656365346;0,542711378327902;1,05248968114727
7,70929913557493;0,673413421806606;1,07930661853371
5,3878311666677;0,522584556379628;1,15220018571811
9,22146095603685;0,911492964211615;1,08360248547215
1,44485302645804;0,795635051930153;1,15206510995145
7,24570404288246;0,636710664553899;1,12372659357438
12,5520206073923;0,617930906181192;1,18599135479237
7,72168028340555;0,762777799629969;1,11671496928517
6,77446446706907;0,876440396009218;1,16992799847849
7,29429460509297;0,728240306362622;1,10276562883647
3,80418925727943;0,892007909199227;1,0618047793218
-0,967984974307501;0,796352011988103;1,0511380436137
3,17731813332101;0,833338101316866;1,0852346706601
3,72062440073401;0,834654787944003;1,11641091085803
5,77350854221118;0,877379919345202;1,12356224936599
3,45160882122764;0,733365464831407;1,05219391451785
5,90233863881573;0,905881814149153;1,16259164924854
9,38194168077238;0,908638629088476;1,15585546314523
7,5298185617762;0,862708103313441;1,19231161386348
1,95947774335585;0,558081486522258;1,05859925293298
4,41003863411661;0,775339875265649;1,1158403388764
6,071958733469;0,641372154299809;1,112005297333
2,43150074858772;0,932122560186369;1,11013102229225
4,67123816646974;0,705813085057686;1,09008971787528
5,18142006413904;0,831548511437861;1,19620868800963
6,65639154185294;0,73810126853087;1,15429300281885
2,04927621019688;0,779933578697934;1,19827274866322
0,309204714838636;0,870211008410068;1,14182252136144
2,68683779053845;0,64614416037041;1,1694633213661
1,03019058158397;0,904451892666729;1,17827930840583
3,90787324265937;0,853765251978191;1,11295886431493
4,68307752441381;0,543063245035272;1,05880761843119
3,33093207587681;0,918255132584951;1,19971836060272
4,4387574916395;0,742181482139128;1,13463069220755
6,40230771944062;0,985476763912233;1,09276918973437
3,22032968871664;0,584906934567218;1,19403886520026
6,13381197898353;0,901298410213226;1,10001732851379
4,04241861293436;0,805285686070698;1,16830850093081
6,33532350939706;0,572947231853822;1,15467533751143
8,10583283370976;0,864229451801735;1,12062639650918
1,1730829529884;0,557833827826117;1,08506662933392
5,19259165090878;0,797703468146596;1,12657009671748
7,43640387805408;0,789630198287605;1,12721953658723
7,01248692261799;0,962031286657802;1,13150105021498
7,31188243259592;0,686680918879193;1,13987947839307
1,66158639073503;0,794501088929596;1,12690902223201
7,41277556318348;0,597221641148078;1,11412555468926
7,73713324849659;0,812865623185814;1,07613869918331
5,77396054967691;0,944452970728489;1,07600872892701
2,80476865458559;0,81590000438313;1,09049911750038
9,12327011090046;0,789863111353416;1,05979139472348
3,66497366905914;0,739259524149475;1,05457373496824
-0,417390908747438;0,500791537808623;1,08634610031096
6,34285247860552;0,968912598196842;1,05229177253893
0,896612602795241;0,840858474299711;1,15263098899863
0,0515372995309278;0,760118924435284;1,13988560789259
8,34353780033395;0,96520382350553;1,08579376735063
1,36627551081748;0,678833793233537;1,1111345712613
4,74219000146122;0,820808791937683;1,13030115446555
3,54825555786178;0,862583828094687;1,06591180617265
5,41872166813999;0,566875968392415;1,16784208177954
8,68058099388788;0,622875647909416;1,11977628945363
3,7125970534531;0,576174462016753;1,12337773992837
7,76162014402985;0,992420062884884;1,17061514270986
5,42791518621899;0,783084120500406;1,19945937073764
6,08450808179902;0,921256109104145;1,09941534255604
8,22420940705189;0,819636703850532;1,10224786563881
6,66192026540414;0,739137813327433;1,17317818434591
5,57529246572094;0,59576198160451;1,13668349829348
2,85071077726755;0,902419696516553;1,18862307983852
6,00636493687907;0,528547904234635;1,1940985012772
2,87023141460651;0,956844993846884;1,0893756858955
-1,88998898318713;0,555435316430142;1,07471940246165
7,2943125042253;0,683509045133139;1,12939771522274
1,01417410088778;0,774055356985915;1,07969751790152
10,5075003464828;0,996827463152272;1,12718453958034
9,4341914363358;0,651130055846241;1,18669424163489
3,93182782379514;0,631552350070119;1,19922087253035
7,88931143261126;0,908166376365426;1,19402539338638
1,87950336876776;0,5721509962213;1,10814936436161
8,36792170441591;0,845349913856643;1,17227653626924
3,37443502756918;0,862115276913212;1,10518975509572
4,01746615622898;0,70690256855772;1,10060734022437
1,52978007700097;0,848438411414827;1,16282462517862
-0,835403184033247;0,560238926932327;1,11777609308147
7,30681872306501;0,751862337697233;1,09547455515502
3,85982087889902;0,553863865581278;1,07528383749318
3,07736546659424;0,52827675711749;1,0754985299313
2,63312544728566;0,565973585735063;1,05199793654121
5,16664993559096;0,91838909542113;1,05420180198466
5,48247441616016;0,793614142478264;1,10742098163228
6,1545899105335;0,959468357246122;1,18972707846655
7,52522302930322;0,696252178259311;1,17940845856416
3,1408801686743;0,52693521535347;1,06323326959425
1,81696656900343;0,883366923259276;1,14430741897985
2,01913227005887;0,626048184757143;1,13439601312131
13,1129563931818;0,660209693322056;1,06677726049292
2,13442498253279;0,722706465387115;1,12952742331174
0,848090566441068;0,780869971393081;1,19776877346345
1,88049537302425;0,594118923225495;1,07696221860916
3,47628968147769;0,830971436962006;1,18855182993624
0,282404464157958;0,545383597978104;1,09940969245481
0,219784521484761;0,666432627321422;1,12903805683788
5,94850537165856;0,995196389497815;1,13370584628252
4,66966403277241;0,931646707435905;1,05387194103276
9,07708272127296;0,952879748750888;1,17595599432288
5,10709530211421;0,918310870844084;1,1108496477878
3,89844046816864;0,872074683137273;1,19295251140974
5,12624929131321;0,837938207591855;1,14967181163359
1,70421411752065;0,770543639441274;1,16448699709237
1,94255424264638;0,905785382215765;1,16112478895165
2,99271534276977;0,698582565271567;1,1794458143783
5,81622509754858;0,909974187570612;1,17371330017863
2,87712592069092;0,946102811464156;1,0820332267238
2,62426178398816;0,531446637367572;1,08307716715293
3,11588753291865;0,507148404376185;1,16937674492103
2,89242429339295;0,589487422997825;1,07560424575377
4,65979286316537;0,772993894188196;1,16055777741622
6,08738693324672;0,934157833891994;1,11247522151679
5,01866472969636;0,66203313537968;1,117797746797
7,76484825581144;0,588120395125877;1,10491517558923
2,23436934627328;0,531738825855655;1,16113902212174
5,0965278118787;0,951720215823371;1,15564103147743
1,99055469238487;0,673168436006256;1,05095783083279
5,37524644118247;0,859920016424693;1,14991710593454
3,84819016353089;0,741898822477972;1,12733359519734
3,26904147366896;0,870980735342475;1,0797087415027
5,61226199546493;0,884768257795259;1,15142447038154
5,96960570035304;0,683916651962286;1,05658201219355
8,30706596195603;0,875084589177316;1,15707227799905
9,13282833837789;0,895536357953929;1,07476280372346
6,5984031865334;0,806171983855857;1,1129539124728
5,65893336964907;0,96362171925773;1,1130791385719
2,76402344461909;0,601258178055872;1,11103243660695
-1,16910920240988;0,511193281277639;1,05813647408883
6,79910109203774;0,902490835125787;1,0923758919781
1,37802187721182;0,680989365876182;1,14490067821224
3,68306787141357;0,98415303695209;1,19941875529448
5,5985342000135;0,796589681783966;1,06789336282196
1,63122389057783;0,617134688243798;1,12002176466399
3,19811772854753;0,589707663091695;1,16788064086245
2,38274484620714;0,533720542459619;1,15349070520768
-1,58324378886449;0,575877390604409;1,08531666476527
3,04645476835414;0,777914648306516;1,07567784352027
3,49339479462727;0,671526620942879;1,16468824775177
2,03007413299915;0,613022372877701;1,10270854178942
10,0103212275607;0,877637850995007;1,12541615428655
6,99187424364991;0,905570771035538;1,08535756705578
1,95521065838103;0,89790930501088;1,13787869226089
6,22021040454426;0,855861151523823;1,1873328495246
7,87766838931689;0,921134178489975;1,0691509926548
4,62848898879537;0,828508686194433;1,05129560336997
5,30665577052121;0,728649813555484;1,07816251994956
4,13365465124392;0,87223471089836;1,06043328692225
3,48162799040201;0,757745785525882;1,11976159993548
7,13943018146214;0,728692618538017;1,09346127556332
6,91189140384083;0,733092746573078;1,12768764422633
5,57941565695764;0,589517961530722;1,09040236565769
8,48966468889998;0,806834880638325;1,1165279650672
11,4436380312789;0,898170908399937;1,13823490312241
4,85237406485593;0,758103220610927;1,12899597153486
8,6902718611472;0,783080060865302;1,13436261053866
5,05578115123565;0,945531561014024;1,06728683829647
6,14540939250175;0,875455503293991;1,0861364260717
3,25948139695873;0,847227577048925;1,17599075849913
4,86412955873911;0,905679937408157;1,18294694185394
9,91431854882277;0,963158265204708;1,18309835744235
-0,472572715292984;0,702260975587303;1,12964308868611
1,08890533700435;0,791471012305222;1,17874862699711
6,75402597369156;0,849327019811295;1,07696412479364
3,74685100427691;0,788121835695636;1,16163455488236
3,41980329862488;0,755374661532871;1,1312294909876
5,84551962712486;0,598702106437973;1,13143731538739
4,07464648633911;0,891883244221976;1,12844086369893
3,15302803394901;0,823988403577352;1,15909866502467
5,83205232597367;0,851954555535668;1,15461344809952
3,65168896023327;0,812214224511857;1,13342960762485
-3,30538256326142;0,774798579409159;1,08072467682917
6,66194391919648;0,584088351849508;1,17892278618129
2,7532927107752;0,840665865149659;1,14404872364553
6,0629305715722;0,939646515501498;1,1549069350841
5,61779004449154;0,868681938791965;1,13506974747175
4,8308343989307;0,889676944766975;1,12235067669412
1,32717412480569;0,582394423700121;1,14951807751764
-1,42620694285744;0,709242889987884;1,1789347113012
3,00766666194068;0,683838024122565;1,06835416633093
1,16670731107691;0,849814369273286;1,13335091482538
-0,170032547700738;0,779027017661849;1,06770954605551
-1,59281734679494;0,55877229830193;1,07654404569256
0,98709245749768;0,538994582620912;1,15368571204771
8,77491052198095;0,908776200799633;1,1280674350113
2,60117322684519;0,594065141675093;1,16285469339362
1,61813382390567;0,702446893184654;1,10902028205293
4,84967534764845;0,635602703613975;1,09043616521658
4,29206828196639;0,543839286334738;1,07189411971341
4,70237990128005;0,794152667650093;1,09551950287797
9,31878042251633;0,732723696498537;1,19583236546993
5,29564635294754;0,890046751075446;1,19448097008023
-0,472603766899098;0,518510460629366;1,07703580124166
2,13704918403627;0,909680504309796;1,12638164452574
4,87206700496792;0,919439896903671;1,07224940577161
9,25760622422983;0,865697716765896;1,17809733868488
5,4255463592884;0,727534433699928;1,15402875889746
2,17443151254006;0,647778192836688;1,05029302809867
3,60873446467141;0,944649744753097;1,06549700068566
2,58805488488421;0,521729096547574;1,06943324486233
5,4656224660056;0,687339479423752;1,12012998597702
4,43228202616332;0,819634204646402;1,1672742632531
0,419666203720992;0,583380053557167;1,08262802752789
7,82535912045483;0,895982591852538;1,1123388265317
3,35107158281286;0,543386588126135;1,11786536081595
5,63838227510795;0,520208676122226;1,13276827127336
10,7898651373438;0,983158547423388;1,15452417803673
4,57630273031875;0,558470865040306;1,05385829855402
5,96034327634239;0,976519193489346;1,07697992211998
-1,4367613933955;0,753068988562128;1,05798864828329
3,0718644361268;0,526017734094531;1,09390587662063
4,03146340333235;0,999095696489837;1,09479241189304
4,81531526558558;0,674625244771422;1,12752572914005
7,20500121758793;0,836749176418758;1,10203176341114
4,00847088005645;0,908068269914048;1,14289215139248
7,81341060654894;0,817886476320162;1,18286897315777
-2,14776355630525;0,89606109349805;1,10544624086723
8,57922685360398;0,875116576382479;1,14958192666507
7,29868789469303;0,649186869454191;1,17840122644715
8,11767686611485;0,519649612027989;1,05303809486937
3,53644558765696;0,961696047318026;1,12934465800847
2,24404175938302;0,885272745455277;1,12612764026324
5,17696577306824;0,713435230177564;1,18783561563484
5,34238124989437;0,709622695441182;1,07665447959521
6,8629345600496;0,998301784507139;1,08156915264277
8,92612661186679;0,770173439649015;1,17165520487896
9,15078440348549;0,90778020625365;1,14193839046263
5,02339200946532;0,56289593156562;1,05008416178175
6,27958248936768;0,725500111805974;1,15254240741606
3,90862478772671;0,596719689479433;1,12973188354156
9,9752298792994;0,988711088890541;1,1491245026929
-0,546471037061062;0,626145456277833;1,0843722203208
10,2434149769442;0,74855620821405;1,11540648388462
5,5461254039042;0,867796243106851;1,10333711467839
5,81778441465752;0,698777325776768;1,19503335752293
6,64949409234224;0,816395038653349;1,19864632543113
6,91546476840342;0,565530872701449;1,18837635595741
3,32832277826635;0,874091532022735;1,10782053741059
5,36410061119747;0,739004701254426;1,09713647700713
-2,03564138399323;0,516488720903401;1,08837751717697
4,28362484481097;0,765600035789236;1,17146894222659
5,30490621731874;0,94549144289712;1,06419044801229
3,30780005620507;0,877647573537029;1,18073701466468
8,02662736059712;0,967119474414326;1,18740399930971
12,9718398745114;0,64893756138577;1,09996994887477
6,04145928565901;0,711455579712733;1,14741299932236
8,79023875306339;0,984122583635208;1,17317924069854
4,26948640582704;0,853900552659249;1,17823203796438
8,34081499240622;0,850883941562327;1,17662184735603
4,96566377297242;0,781462350758474;1,06170780582433
8,69267714218399;0,829592259521406;1,15257662211199
6,70566363178521;0,810860865195683;1,08019236707138
3,23999297418009;0,631016164380599;1,13080578508359
3,3881888890854;0,832606715072229;1,13466946921994
1,43822653731055;0,540713594081213;1,05897339757484
5,20884470066267;0,817723390095738;1,07819018279118
8,67570465921998;0,994335733351454;1,11593311536868
2,80130421303138;0,529538549729408;1,15428266700091
1,52480461858093;0,627699251113319;1,1818438647696
4,32481749142912;0,676373993827204;1,0540453332728
9,61907826933767;0,922191646845169;1,05903970750935
1,96998477998184;0,831119653690196;1,07905782804781
8,91983665789321;0,659025981863507;1,12395723630858
9,77111337483008;0,832272455018141;1,19323690426221
0,626157566561738;0,68786849253246;1,05776194644056
2,94677362103529;0,570019289650963;1,14739332676278
3,06982564534281;0,885472556522802;1,08155843870787
-0,213379856593745;0,635420522948457;1,12460039138077
0,883567143856271;0,711258430365128;1,16736823300243
4,20624318989092;0,600564736221249;1,19621717771339
9,28874734901026;0,896953778759089;1,07952944863566
8,24338819989908;0,915353429464322;1,18830414493024
1,46782233928469;0,639502626675881;1,15203754350172
7,18556666529725;0,738242704765053;1,1309379816665
4,1746466132201;0,676562884206214;1,11691180966651
5,91676059895886;0,810856422321338;1,0675653568318
7,04470217879854;0,512654251657731;1,07079273693766
7,6424346561284;0,63110362069267;1,13465035103012
4,79394158066191;0,618198061184119;1,0738745326986
8,65183810441874;0,961069363151244;1,07476069288084
2,4851983127947;0,841670057196948;1,11983654392876
5,11209727313502;0,774600667308364;1,13354181476568
8,67993914221571;0,742226694590518;1,17675516385434
2,24706033195165;0,903345806944811;1,0537485813041
4,16829354810288;0,50962989754492;1,1356598106379
0,558376925470702;0,744610717401193;1,07265952041962
5,80969768833767;0,766064048170142;1,18727099689994
7,74299946474616;0,990755225993113;1,08991484925613
2,53853733072993;0,729900312949857;1,15418281781216
-0,434928903465889;0,546870681246217;1,07988132442342
8,26410417672088;0,877012070211122;1,05785181930189
3,83602658561894;0,704720335409381;1,15409793963381
-0,211503868734838;0,77427567484522;1,12362582656724
2,14659915915267;0,964502170199762;1,16009280763571
-0,836102114735778;0,518292463625917;1,06647758440416
2,32816852173397;0,6857584704113;1,13089105488308
5,66544893385033;0,864901959367516;1,17527679264326
2,12819474114045;0,653019677220387;1,1921944623311
3,46280661758328;0,543505455154695;1,16444811972997
6,51736690985975;0,907510615376528;1,18178685618648
3,9436167660422;0,642204985787256;1,15020212254031
4,23743218997928;0,5202522624844;1,1235582749469
2,46986818580394;0,818321951114723;1,08662271964672
3,89739413550834;0,901203307742813;1,1159437298849
6,46946516618469;0,887289972923365;1,08725801179523
2,9886381357096;0,964657986985826;1,09480492816996
5,72255854165063;0,811903733206868;1,16523118017485
5,46768471147238;0,764537766000506;1,17826480561787
7,28984916382037;0,938843636745049;1,09340369957192
7,31134348208725;0,991337433919002;1,13142249222445
4,46858950806029;0,58179566850038;1,15470900202855
6,24779696542014;0,588107132626747;1,09520908188783
7,03492973170568;0,854182138039815;1,12849357515969
4,07855447340872;0,81286792914051;1,17220666914815
5,24846881452066;0,947449100645003;1,0823105962399
5,35703004661269;0,969501454834594;1,12805190124924
2,91740430692723;0,775979420531532;1,18497094236546
6,47807185714269;0,670275525967719;1,14886003408994
3,60132228801591;0,846160069967695;1,14101197805303
0,701808514618938;0,926143187995135;1,09949186351127
6,644961018376;0,768026061248046;1,07453371024436
3,15996326626206;0,582825586936821;1,06838867253083
5,95700095973474;0,617089155883104;1,07840061373003
9,67933524353094;0,50848569837794;1,12966795150641
4,91146283202915;0,61551331803925;1,14649336275016
5,84450877407248;0,940843369784226;1,1218327740309
7,57492580161563;0,938687365939229;1,12794556889122
3,85505904239022;0,968666978631479;1,17939567336784
5,70239434760656;0,650867551868254;1,13898815100034
1,84657450665887;0,573895868181203;1,18287486493721
2,70592107908989;0,801093999203804;1,16215018954228
6,74518961260122;0,932145129857652;1,05234600275399
2,61057689602059;0,553473406263382;1,17065051434126
4,39861751795288;0,992016554340728;1,19601209419594
1,93750784458299;0,527494445223126;1,16127718964651
6,23375190751614;0,939840872278363;1,16161630468518
5,26580271718844;0,995156532151232;1,09612127253605
4,61120056119219;0,580436840458045;1,17886666864104
6,59309910874582;0,965743663239173;1,18246746020506
5,48523822820031;0,838394578005371;1,15340541934287
5,77593134160193;0,89856687835351;1,13501626324608
-1,19348754012283;0,586718363960608;1,17081334189084
12,0723734501019;0,554308901333394;1,16361849781294
6,13253048388468;0,819382170596804;1,15968258448862
2,78872817750782;0,529512783293385;1,13483563579378
-2,40923767554168;0,547614353963926;1,07852675462073
8,11567191990166;0,993998058137483;1,14370736225681
6,62669191848612;0,82621159536122;1,15926546233672
5,19704232393935;0,776009506907319;1,08994138868989
8,04767603648223;0,974977045773983;1,13446883067231
0,575354194751468;0,864570971515295;1,11732973950791
7,19077910331425;0,928048857919895;1,13349391055922
8,75971081007217;0,642853895967293;1,12290212350101
5,28745499155264;0,874549063329841;1,11290170043376
5,34905427842928;0,612648928823252;1,13732980216729
-2,45052123774477;0,53728072044313;1,14531489906149
6,42756211804552;0,613251609081985;1,1453149037181
2,37477915967259;0,746038631883468;1,15241391027924
6,87629804265522;0,99798166192974;1,09537092386529
2,73411919461505;0,901342393784478;1,0627176840616
4,88484658591813;0,852476279182581;1,15940513092065
5,79819003257595;0,93107913757259;1,15961030151677
9,56219206434557;0,994322055948117;1,16218188803745
5,67582473935587;0,920677592475283;1,15093781428921
4,3147763304596;0,844396519867888;1,10340307210731
9,67925410011429;0,81070885705329;1,18440698999185
5,1234160817217;0,890046368301868;1,1024244653538
4,36309214459478;0,689737929818098;1,06932786245333
0,112785428285414;0,98952078120295;1,1021349413796
10,2640418318936;0,891333312676909;1,16349699258036
-1,12274029038337;0,956314510645491;1,077814291221
6,0056741863631;0,848492594830921;1,17514791412984
1,88458688716155;0,559098937343386;1,06721289780327
6,61098101803978;0,798280972893481;1,14220045858165
3,4066774267398;0,603375123163394;1,07609851610665
6,96951947420798;0,785776285354875;1,17148379426053
6,53002942711743;0,97743130939893;1,13949258021987
2,65969551087277;0,798457376099405;1,17520331152491
3,3509878895768;0,543416148770329;1,13338969370042
7,54264168359194;0,984502695027973;1,12270617649085
5,49880599243224;0,557047168052312;1,16059725827565
-1,63146925657127;0,623730827879035;1,19284726963045
5,3930307081847;0,827394570143611;1,15375596427068
-1,31885428018355;0,720414736643627;1,06820885579484
3,99508657195329;0,89616176853709;1,18223650268383
4,77666080049867;0,796866466196657;1,10452682664829
5,16991452574158;0,606136508568254;1,12983528223347
7,04209614211181;0,606832376963847;1,14425084299606
3,54818586076121;0,711752238083515;1,14194959939548
2,20865585004083;0,64379393432466;1,10261097969609
6,77843380699883;0,988003449974583;1,05156587900201
0,67801861025628;0,677643237485384;1,05822016715921
-0,765425429941649;0,591227179202823;1,10593976825752
4,13565757435676;0,922407509257275;1,10812046821607
1,11025938029771;0,732338992754155;1,16024979579274
-0,817392651551506;0,561554326937326;1,120774587626
3,4344542125123;0,886596243310066;1,15115319101659
4,58851601972775;0,746121677917485;1,10691915825332
2,70119343025765;0,757015621176462;1,16575248891756
5,58174096569989;0,931263238625258;1,07308440956896
4,84324057293692;0,731564352629503;1,16226908753732
-0,239593023059665;0,60142713580347;1,05697386174322
4,19703133867237;0,513410288613946;1,10497363936388
6,01820710490115;0,86589150916128;1,05438539779484
5,58019399222801;0,650537479506125;1,18400104720332
2,7534244385471;0,522509629150159;1,1023566047672
2,95052354106297;0,713898845349391;1,11894987710703
3,35009175118898;0,879403930566927;1,11962354021129
10,3315509490919;0,862691644515233;1,08802527142131
10,8599972030635;0,833818493333561;1,17499455137877
3,49642909545955;0,647156489848698;1,0526623348485
4,0212305069446;0,52991298191711;1,07675373320317
6,34270027971351;0,860710699046362;1,09219202352324
7,37495338679561;0,62829591921917;1,07481032259521
4,97640614761974;0,881162814740633;1,15148056626854
3,26325473629304;0,706634449635928;1,10362147074361
7,15308991951408;0,570928525911145;1,17072780480177
7,87638262524606;0,885259681793516;1,13157689689266
0,946238093778434;0,530729827252556;1,12316333107798
7,17730164214212;0,656907718934541;1,15317711748796
1,70658132082923;0,634783534628704;1,17532762516072
3,80048734841589;0,56171031368976;1,15375629209623
4,11767195346713;0,989800043399353;1,13735032153192
4,47124567772996;0,552717917390502;1,07939084641607
2,34629512003206;0,627200347197801;1,15766856263283
6,2252911252735;0,595817150359888;1,07835421617066
4,33430490120853;0,72451197250025;1,14895124270066
-0,935443656546094;0,639576977416676;1,05143369592327
4,68369828165002;0,706290433512205;1,05792576957397
2,47569761025277;0,519401422012319;1,0720219958909
3,79185550534841;0,632669517133697;1,07733470968778
10,6979615591409;0,954270645954772;1,12299744110694
10,4317976615059;0,983497306696837;1,06683704302033
-2,11855144813866;0,637383152096245;1,13746000106328
-0,17355580040378;0,628172855651087;1,051736476343
8,00382180326057;0,991779801897602;1,14592845763356
4,30667953105706;0,852855633875754;1,16233313435797
7,02978975754149;0,678568064085472;1,16056322355781
2,26717470198584;0,597759729529619;1,182625654192
4,70466002589355;0,522314047684108;1,07902377656616
2,63524305560073;0,828487866478268;1,1337475013145
3,06386634646979;0,519332940466391;1,13467378101064
10,7100606263349;0,982122477135678;1,16441107264925
5,11180746435906;0,931351548494469;1,08989142509638
6,75024415519404;0,824439393740352;1,05340176935
